设备编号,平均评分,最低评分,最高评分,巡检次数,设备类型,所属变电站
EQ-0001,87.46075949367088,70.8,100.0,79,电力变压器,龙华220kV变电站
EQ-0002,87.97999999999999,78.2,100.0,80,电力变压器,龙华220kV变电站
EQ-0003,83.2975,66.6,100.0,80,电力变压器,龙华220kV变电站
EQ-0004,85.78,67.6,99.3,40,电力变压器,龙华220kV变电站
EQ-0005,84.33875,67.9,97.8,80,电力变压器,龙华220kV变电站
EQ-0006,84.08684210526316,64.2,98.0,38,断路器,龙华220kV变电站
EQ-0007,86.75128205128206,72.7,100.0,78,断路器,龙华220kV变电站
EQ-0008,83.73076923076923,69.5,100.0,78,断路器,龙华220kV变电站
EQ-0009,85.33461538461539,69.1,100.0,78,断路器,龙华220kV变电站
EQ-0010,85.3075,65.8,99.9,80,断路器,龙华220kV变电站
EQ-0011,86.32278481012658,70.6,98.0,79,断路器,龙华220kV变电站
EQ-0012,86.77051282051282,68.5,100.0,78,断路器,龙华220kV变电站
EQ-0013,84.12125,68.4,99.7,80,断路器,龙华220kV变电站
EQ-0014,87.48589743589743,73.5,100.0,78,断路器,龙华220kV变电站
EQ-0015,84.81358024691357,67.0,100.0,81,断路器,龙华220kV变电站
EQ-0016,85.61410256410257,70.2,100.0,78,隔离开关,龙华220kV变电站
EQ-0017,84.87948717948719,73.2,100.0,39,隔离开关,龙华220kV变电站
EQ-0018,85.5,72.4,98.3,38,隔离开关,龙华220kV变电站
EQ-0019,84.58250000000001,64.2,98.0,40,隔离开关,龙华220kV变电站
EQ-0020,84.74249999999999,71.1,100.0,80,隔离开关,龙华220kV变电站
EQ-0021,83.88378378378378,73.9,100.0,37,隔离开关,龙华220kV变电站
EQ-0022,85.26666666666667,68.0,99.4,81,隔离开关,龙华220kV变电站
EQ-0023,84.66410256410256,70.1,100.0,78,隔离开关,龙华220kV变电站
EQ-0024,86.34324324324324,75.5,100.0,37,电容器组,龙华220kV变电站
EQ-0025,86.85121951219513,68.8,100.0,41,电容器组,龙华220kV变电站
EQ-0026,86.75675675675676,77.5,100.0,37,电容器组,龙华220kV变电站
EQ-0027,86.11645569620254,73.1,100.0,79,避雷器,龙华220kV变电站
EQ-0028,84.00617283950618,65.6,96.0,81,避雷器,龙华220kV变电站
EQ-0029,86.14358974358974,69.1,100.0,39,避雷器,龙华220kV变电站
EQ-0030,86.845,74.8,94.9,40,避雷器,龙华220kV变电站
EQ-0031,87.01875,70.9,100.0,80,避雷器,龙华220kV变电站
EQ-0032,85.19,68.8,98.9,40,避雷器,龙华220kV变电站
EQ-0033,88.39367088607595,74.8,100.0,79,避雷器,龙华220kV变电站
EQ-0034,86.22162162162162,67.4,100.0,37,避雷器,龙华220kV变电站
EQ-0035,88.95675675675676,72.2,100.0,37,GIS组合电器,龙华220kV变电站
EQ-0036,86.53086419753086,72.0,100.0,81,GIS组合电器,龙华220kV变电站
EQ-0037,84.72820512820513,72.1,100.0,78,GIS组合电器,龙华220kV变电站
EQ-0038,84.1888888888889,67.5,99.1,81,GIS组合电器,龙华220kV变电站
EQ-0039,86.50750000000001,71.1,100.0,80,电力变压器,松山湖220kV变电站
EQ-0040,86.42727272727272,70.1,100.0,77,电力变压器,松山湖220kV变电站
EQ-0041,85.22368421052632,66.2,96.1,38,电力变压器,松山湖220kV变电站
EQ-0042,86.72179487179487,75.4,98.9,78,电力变压器,松山湖220kV变电站
EQ-0043,89.07530864197531,75.8,100.0,81,断路器,松山湖220kV变电站
EQ-0044,86.72098765432098,64.6,100.0,81,断路器,松山湖220kV变电站
EQ-0045,87.14177215189873,67.4,100.0,79,断路器,松山湖220kV变电站
EQ-0046,86.97142857142858,72.8,99.2,77,断路器,松山湖220kV变电站
EQ-0047,86.05432098765432,70.3,100.0,81,断路器,松山湖220kV变电站
EQ-0048,87.32962962962962,70.6,100.0,81,断路器,松山湖220kV变电站
EQ-0049,86.52125,70.1,100.0,80,断路器,松山湖220kV变电站
EQ-0050,87.75125,76.9,100.0,80,断路器,松山湖220kV变电站
EQ-0051,86.76582278481013,72.1,100.0,79,隔离开关,松山湖220kV变电站
EQ-0052,88.20740740740742,75.8,100.0,81,隔离开关,松山湖220kV变电站
EQ-0053,86.66913580246913,70.3,100.0,81,隔离开关,松山湖220kV变电站
EQ-0054,87.04146341463414,77.8,100.0,41,隔离开关,松山湖220kV变电站
EQ-0055,87.28607594936709,69.3,100.0,79,隔离开关,松山湖220kV变电站
EQ-0056,88.1225,73.5,99.3,80,隔离开关,松山湖220kV变电站
EQ-0057,87.05405405405405,69.4,100.0,37,电容器组,松山湖220kV变电站
EQ-0058,84.985,73.0,100.0,40,电容器组,松山湖220kV变电站
EQ-0059,86.9625,71.8,99.7,40,避雷器,松山湖220kV变电站
EQ-0060,87.56463414634146,74.1,100.0,82,避雷器,松山湖220kV变电站
EQ-0061,87.34320987654321,67.4,100.0,81,避雷器,松山湖220kV变电站
EQ-0062,86.60864197530864,73.0,100.0,81,避雷器,松山湖220kV变电站
EQ-0063,88.16296296296296,72.9,99.9,81,避雷器,松山湖220kV变电站
EQ-0064,87.12875,69.2,100.0,80,避雷器,松山湖220kV变电站
EQ-0065,86.76962025316456,67.1,96.5,79,GIS组合电器,松山湖220kV变电站
EQ-0066,86.60249999999999,70.9,100.0,80,GIS组合电器,松山湖220kV变电站
EQ-0067,87.78780487804879,67.1,100.0,82,GIS组合电器,松山湖220kV变电站
EQ-0068,88.05499999999999,78.3,100.0,40,电力变压器,南沙110kV变电站
EQ-0069,87.57848101265823,69.5,100.0,79,电力变压器,南沙110kV变电站
EQ-0070,85.72749999999999,71.1,100.0,40,电力变压器,南沙110kV变电站
EQ-0071,87.39500000000001,74.6,94.9,40,断路器,南沙110kV变电站
EQ-0072,87.115,65.8,98.1,40,断路器,南沙110kV变电站
EQ-0073,86.3948717948718,75.3,98.6,39,断路器,南沙110kV变电站
EQ-0074,85.9219512195122,70.0,100.0,41,断路器,南沙110kV变电站
EQ-0075,87.25121951219512,77.0,100.0,41,断路器,南沙110kV变电站
EQ-0076,87.29743589743589,72.1,100.0,39,隔离开关,南沙110kV变电站
EQ-0077,86.26,67.7,96.7,40,隔离开关,南沙110kV变电站
EQ-0078,89.45,72.5,100.0,38,隔离开关,南沙110kV变电站
EQ-0079,88.6225,74.3,100.0,40,隔离开关,南沙110kV变电站
EQ-0080,88.81052631578947,76.6,100.0,38,电容器组,南沙110kV变电站
EQ-0081,87.20270270270271,74.4,98.2,37,电容器组,南沙110kV变电站
EQ-0082,87.06153846153846,73.5,98.1,39,避雷器,南沙110kV变电站
EQ-0083,86.0875,74.9,99.1,40,避雷器,南沙110kV变电站
EQ-0084,86.73513513513514,70.3,96.5,37,避雷器,南沙110kV变电站
EQ-0085,86.38378378378378,73.7,100.0,37,避雷器,南沙110kV变电站
EQ-0086,89.39756097560976,78.8,100.0,41,GIS组合电器,南沙110kV变电站
EQ-0087,86.33250000000001,71.1,100.0,40,电力变压器,前海110kV变电站
EQ-0088,86.3425,69.9,99.9,80,电力变压器,前海110kV变电站
EQ-0089,88.41111111111111,78.3,98.9,36,电力变压器,前海110kV变电站
EQ-0090,86.2125,72.5,100.0,40,断路器,前海110kV变电站
EQ-0091,87.1923076923077,77.3,95.0,39,断路器,前海110kV变电站
EQ-0092,87.8475,70.4,100.0,40,断路器,前海110kV变电站
EQ-0093,87.05,68.8,100.0,80,断路器,前海110kV变电站
EQ-0094,85.78947368421052,72.8,99.6,38,断路器,前海110kV变电站
EQ-0095,88.19268292682926,75.2,99.9,41,隔离开关,前海110kV变电站
EQ-0096,86.3625,73.5,100.0,40,隔离开关,前海110kV变电站
EQ-0097,87.285,73.4,100.0,40,隔离开关,前海110kV变电站
EQ-0098,87.43846153846154,72.3,100.0,39,隔离开关,前海110kV变电站
EQ-0099,86.39736842105263,72.5,94.2,38,电容器组,前海110kV变电站
EQ-0100,87.9219512195122,73.4,100.0,41,电容器组,前海110kV变电站
EQ-0101,87.36052631578947,77.6,97.5,38,避雷器,前海110kV变电站
EQ-0102,88.54102564102564,73.1,98.7,39,避雷器,前海110kV变电站
EQ-0103,86.295,77.0,97.8,40,避雷器,前海110kV变电站
EQ-0104,87.11578947368422,76.8,97.1,38,避雷器,前海110kV变电站
EQ-0105,85.61025641025641,72.3,100.0,39,GIS组合电器,前海110kV变电站
EQ-0106,87.43589743589743,75.4,97.8,39,GIS组合电器,前海110kV变电站
EQ-0107,86.27000000000001,66.0,100.0,40,电力变压器,张江110kV变电站
EQ-0108,87.25641025641026,78.1,100.0,39,电力变压器,张江110kV变电站
EQ-0109,86.03142857142856,72.1,96.8,35,电力变压器,张江110kV变电站
EQ-0110,86.12025316455696,71.4,100.0,79,断路器,张江110kV变电站
EQ-0111,87.67894736842106,73.4,97.3,38,断路器,张江110kV变电站
EQ-0112,86.03684210526316,75.7,100.0,38,断路器,张江110kV变电站
EQ-0113,87.9325,76.8,100.0,40,断路器,张江110kV变电站
EQ-0114,86.12,76.0,100.0,40,断路器,张江110kV变电站
EQ-0115,84.8425,72.6,97.6,40,断路器,张江110kV变电站
EQ-0116,85.25,67.9,100.0,38,隔离开关,张江110kV变电站
EQ-0117,88.09024390243901,73.6,100.0,41,隔离开关,张江110kV变电站
EQ-0118,86.28947368421052,70.2,99.2,38,隔离开关,张江110kV变电站
EQ-0119,86.7,73.3,100.0,38,隔离开关,张江110kV变电站
EQ-0120,87.95897435897436,73.9,98.5,39,隔离开关,张江110kV变电站
EQ-0121,88.23658536585366,70.3,99.6,41,电容器组,张江110kV变电站
EQ-0122,86.41749999999999,70.8,100.0,40,电容器组,张江110kV变电站
EQ-0123,84.39736842105263,71.6,97.9,38,避雷器,张江110kV变电站
EQ-0124,86.0219512195122,74.4,100.0,41,避雷器,张江110kV变电站
EQ-0125,86.07000000000001,75.6,99.7,40,避雷器,张江110kV变电站
EQ-0126,86.45256410256411,71.4,100.0,78,避雷器,张江110kV变电站
EQ-0127,86.505,68.4,100.0,40,GIS组合电器,张江110kV变电站
EQ-0128,85.49012345679012,69.8,98.3,81,GIS组合电器,张江110kV变电站
EQ-0129,88.61714285714285,77.9,99.0,35,电力变压器,临港110kV变电站
EQ-0130,87.46000000000001,75.6,99.8,40,电力变压器,临港110kV变电站
EQ-0131,85.03947368421052,67.4,95.7,38,电力变压器,临港110kV变电站
EQ-0132,89.07000000000001,79.8,100.0,40,断路器,临港110kV变电站
EQ-0133,87.15405405405404,71.6,100.0,37,断路器,临港110kV变电站
EQ-0134,87.84556962025317,75.0,100.0,79,断路器,临港110kV变电站
EQ-0135,86.8170731707317,72.4,98.5,41,断路器,临港110kV变电站
EQ-0136,89.0325,72.2,100.0,40,断路器,临港110kV变电站
EQ-0137,87.5875,70.6,99.6,40,隔离开关,临港110kV变电站
EQ-0138,88.21351351351352,79.2,100.0,37,隔离开关,临港110kV变电站
EQ-0139,86.975,70.8,98.7,40,隔离开关,临港110kV变电站
EQ-0140,86.42894736842106,74.6,99.4,38,隔离开关,临港110kV变电站
EQ-0141,85.6,69.4,96.9,36,电容器组,临港110kV变电站
EQ-0142,85.135,74.7,96.8,40,电容器组,临港110kV变电站
EQ-0143,86.22999999999999,73.4,95.9,40,避雷器,临港110kV变电站
EQ-0144,86.24691358024691,65.5,100.0,81,避雷器,临港110kV变电站
EQ-0145,86.89,74.9,99.8,40,避雷器,临港110kV变电站
EQ-0146,86.06829268292684,73.3,100.0,41,避雷器,临港110kV变电站
EQ-0147,88.2439024390244,73.0,100.0,41,GIS组合电器,临港110kV变电站
EQ-0148,86.21234567901234,68.1,100.0,81,电力变压器,苏州工业园220kV变电站
EQ-0149,85.61578947368422,69.9,99.1,38,电力变压器,苏州工业园220kV变电站
EQ-0150,86.06455696202532,69.7,100.0,79,电力变压器,苏州工业园220kV变电站
EQ-0151,85.15802469135802,70.3,100.0,81,电力变压器,苏州工业园220kV变电站
EQ-0152,86.62658227848101,74.0,100.0,79,电力变压器,苏州工业园220kV变电站
EQ-0153,84.27250000000001,71.2,96.2,80,断路器,苏州工业园220kV变电站
EQ-0154,87.58987341772152,69.0,100.0,79,断路器,苏州工业园220kV变电站
EQ-0155,85.22592592592594,62.5,100.0,81,断路器,苏州工业园220kV变电站
EQ-0156,86.5670731707317,68.1,100.0,82,断路器,苏州工业园220kV变电站
EQ-0157,86.03827160493827,72.0,100.0,81,断路器,苏州工业园220kV变电站
EQ-0158,86.14500000000001,71.1,100.0,80,断路器,苏州工业园220kV变电站
EQ-0159,86.88875,62.5,100.0,80,断路器,苏州工业园220kV变电站
EQ-0160,84.7375,66.3,95.4,40,断路器,苏州工业园220kV变电站
EQ-0161,86.12439024390244,69.5,100.0,41,断路器,苏州工业园220kV变电站
EQ-0162,87.54197530864197,76.9,100.0,81,隔离开关,苏州工业园220kV变电站
EQ-0163,84.19753086419753,68.5,100.0,81,隔离开关,苏州工业园220kV变电站
EQ-0164,85.89506172839506,68.8,99.4,81,隔离开关,苏州工业园220kV变电站
EQ-0165,84.8246913580247,69.7,100.0,81,隔离开关,苏州工业园220kV变电站
EQ-0166,87.03,74.4,100.0,80,隔离开关,苏州工业园220kV变电站
EQ-0167,86.015,71.2,98.3,40,隔离开关,苏州工业园220kV变电站
EQ-0168,85.47368421052632,67.1,97.2,38,隔离开关,苏州工业园220kV变电站
EQ-0169,83.52250000000001,70.5,98.8,40,电容器组,苏州工业园220kV变电站
EQ-0170,86.7175,69.5,99.7,40,电容器组,苏州工业园220kV变电站
EQ-0171,86.82564102564102,71.5,100.0,39,电容器组,苏州工业园220kV变电站
EQ-0172,85.28170731707317,72.6,99.5,82,避雷器,苏州工业园220kV变电站
EQ-0173,86.45432098765433,73.2,100.0,81,避雷器,苏州工业园220kV变电站
EQ-0174,85.38250000000001,67.8,99.6,80,避雷器,苏州工业园220kV变电站
EQ-0175,87.06075949367089,69.2,100.0,79,避雷器,苏州工业园220kV变电站
EQ-0176,85.35000000000001,77.7,94.6,38,避雷器,苏州工业园220kV变电站
EQ-0177,85.86835443037975,67.7,97.1,79,避雷器,苏州工业园220kV变电站
EQ-0178,87.82151898734176,68.8,100.0,79,避雷器,苏州工业园220kV变电站
EQ-0179,85.14430379746835,71.4,98.4,79,GIS组合电器,苏州工业园220kV变电站
EQ-0180,86.71000000000001,71.7,100.0,40,GIS组合电器,苏州工业园220kV变电站
EQ-0181,86.20370370370371,70.6,99.6,81,GIS组合电器,苏州工业园220kV变电站
EQ-0182,85.31,70.1,100.0,40,电力变压器,杭州滨江110kV变电站
EQ-0183,87.30263157894737,74.5,99.2,38,电力变压器,杭州滨江110kV变电站
EQ-0184,86.1076923076923,73.3,96.4,39,电力变压器,杭州滨江110kV变电站
EQ-0185,88.74102564102564,70.3,100.0,39,断路器,杭州滨江110kV变电站
EQ-0186,87.21538461538462,75.5,100.0,39,断路器,杭州滨江110kV变电站
EQ-0187,86.6263157894737,75.4,99.6,38,断路器,杭州滨江110kV变电站
EQ-0188,86.0525,76.1,97.4,40,断路器,杭州滨江110kV变电站
EQ-0189,87.04615384615386,71.0,100.0,39,断路器,杭州滨江110kV变电站
EQ-0190,88.31,74.3,100.0,40,隔离开关,杭州滨江110kV变电站
EQ-0191,85.59625,66.2,100.0,80,隔离开关,杭州滨江110kV变电站
EQ-0192,85.53,66.9,96.7,40,隔离开关,杭州滨江110kV变电站
EQ-0193,87.14,73.0,100.0,40,隔离开关,杭州滨江110kV变电站
EQ-0194,88.24871794871794,73.6,100.0,39,电容器组,杭州滨江110kV变电站
EQ-0195,87.39999999999999,69.1,98.5,34,电容器组,杭州滨江110kV变电站
EQ-0196,85.53157894736842,72.9,98.7,38,避雷器,杭州滨江110kV变电站
EQ-0197,88.77560975609757,75.4,100.0,41,避雷器,杭州滨江110kV变电站
EQ-0198,86.42432432432432,74.2,100.0,37,避雷器,杭州滨江110kV变电站
EQ-0199,87.87105263157895,72.8,100.0,38,避雷器,杭州滨江110kV变电站
EQ-0200,87.65128205128205,73.8,100.0,39,GIS组合电器,杭州滨江110kV变电站
EQ-0201,82.51124999999999,62.5,96.4,80,电力变压器,昆山35kV变电站
EQ-0202,84.38,72.1,93.8,40,电力变压器,昆山35kV变电站
EQ-0203,83.27682926829269,62.0,99.4,82,断路器,昆山35kV变电站
EQ-0204,85.22162162162162,71.3,98.9,37,断路器,昆山35kV变电站
EQ-0205,83.34210526315789,73.1,95.7,38,断路器,昆山35kV变电站
EQ-0206,84.01891891891891,66.7,97.3,37,断路器,昆山35kV变电站
EQ-0207,86.08250000000001,69.2,100.0,40,隔离开关,昆山35kV变电站
EQ-0208,84.61025641025641,68.7,98.6,39,隔离开关,昆山35kV变电站
EQ-0209,85.02307692307693,72.4,99.1,39,隔离开关,昆山35kV变电站
EQ-0210,84.54722222222222,68.4,96.5,36,电容器组,昆山35kV变电站
EQ-0211,85.275,72.4,96.0,40,电容器组,昆山35kV变电站
EQ-0212,84.27250000000001,68.9,99.0,40,避雷器,昆山35kV变电站
EQ-0213,87.035,74.3,99.5,40,避雷器,昆山35kV变电站
EQ-0214,82.97948717948718,62.2,98.0,78,避雷器,昆山35kV变电站
EQ-0215,84.56216216216217,70.2,96.1,37,电力变压器,亦庄110kV变电站
EQ-0216,87.43076923076923,74.7,100.0,39,电力变压器,亦庄110kV变电站
EQ-0217,85.17435897435898,74.1,93.8,39,电力变压器,亦庄110kV变电站
EQ-0218,87.51,76.0,100.0,40,断路器,亦庄110kV变电站
EQ-0219,87.45641025641027,74.1,99.1,39,断路器,亦庄110kV变电站
EQ-0220,86.95750000000001,75.8,99.3,40,断路器,亦庄110kV变电站
EQ-0221,87.41025641025641,75.3,97.8,39,断路器,亦庄110kV变电站
EQ-0222,86.37567567567568,69.3,98.1,37,断路器,亦庄110kV变电站
EQ-0223,87.0078947368421,65.1,97.5,38,断路器,亦庄110kV变电站
EQ-0224,88.1275,72.1,95.8,40,隔离开关,亦庄110kV变电站
EQ-0225,87.57179487179488,65.2,100.0,39,隔离开关,亦庄110kV变电站
EQ-0226,83.91052631578947,70.1,98.4,38,隔离开关,亦庄110kV变电站
EQ-0227,86.45625,64.8,100.0,80,隔离开关,亦庄110kV变电站
EQ-0228,87.59487179487179,72.2,99.4,39,隔离开关,亦庄110kV变电站
EQ-0229,85.34324324324324,68.7,98.1,37,电容器组,亦庄110kV变电站
EQ-0230,86.64,74.7,96.1,40,电容器组,亦庄110kV变电站
EQ-0231,86.13076923076923,74.3,99.2,39,避雷器,亦庄110kV变电站
EQ-0232,87.50263157894737,74.3,98.1,38,避雷器,亦庄110kV变电站
EQ-0233,86.56052631578947,67.6,98.5,38,避雷器,亦庄110kV变电站
EQ-0234,86.43086419753087,69.1,99.0,81,避雷器,亦庄110kV变电站
EQ-0235,86.50263157894737,68.8,95.0,38,避雷器,亦庄110kV变电站
EQ-0236,85.86951219512196,69.9,100.0,82,GIS组合电器,亦庄110kV变电站
EQ-0237,85.95263157894736,69.4,100.0,38,GIS组合电器,亦庄110kV变电站
EQ-0238,84.08947368421053,70.7,94.9,38,电力变压器,通州35kV变电站
EQ-0239,84.78571428571429,70.3,97.0,35,电力变压器,通州35kV变电站
EQ-0240,86.79268292682927,73.0,100.0,41,断路器,通州35kV变电站
EQ-0241,89.16111111111111,76.5,99.0,36,断路器,通州35kV变电站
EQ-0242,87.0421052631579,66.1,100.0,38,断路器,通州35kV变电站
EQ-0243,88.7175,75.2,100.0,40,断路器,通州35kV变电站
EQ-0244,89.32000000000001,74.2,100.0,80,隔离开关,通州35kV变电站
EQ-0245,83.65789473684211,68.3,94.6,38,隔离开关,通州35kV变电站
EQ-0246,86.95,73.1,100.0,38,隔离开关,通州35kV变电站
EQ-0247,84.7225,66.7,100.0,40,电容器组,通州35kV变电站
EQ-0248,85.35249999999999,61.9,100.0,40,电容器组,通州35kV变电站
EQ-0249,88.75555555555555,70.6,100.0,36,避雷器,通州35kV变电站
EQ-0250,85.15135135135135,71.1,100.0,37,避雷器,通州35kV变电站
EQ-0251,86.72564102564102,73.6,98.6,39,避雷器,通州35kV变电站
EQ-0252,87.89746835443037,75.3,100.0,79,电力变压器,天津滨海220kV变电站
EQ-0253,87.91499999999999,75.6,99.3,40,电力变压器,天津滨海220kV变电站
EQ-0254,87.79634146341463,74.6,99.3,82,电力变压器,天津滨海220kV变电站
EQ-0255,87.38974358974359,73.9,100.0,39,电力变压器,天津滨海220kV变电站
EQ-0256,85.12625,69.4,100.0,80,断路器,天津滨海220kV变电站
EQ-0257,86.75802469135802,67.1,100.0,81,断路器,天津滨海220kV变电站
EQ-0258,86.77317073170731,72.5,97.6,41,断路器,天津滨海220kV变电站
EQ-0259,87.505,74.9,99.0,80,断路器,天津滨海220kV变电站
EQ-0260,84.90128205128205,64.8,99.9,78,断路器,天津滨海220kV变电站
EQ-0261,86.85375,74.8,96.5,80,断路器,天津滨海220kV变电站
EQ-0262,87.44500000000001,71.0,100.0,80,断路器,天津滨海220kV变电站
EQ-0263,87.2921052631579,71.2,100.0,76,断路器,天津滨海220kV变电站
EQ-0264,85.08947368421053,75.3,95.0,38,隔离开关,天津滨海220kV变电站
EQ-0265,88.26625,70.3,100.0,80,隔离开关,天津滨海220kV变电站
EQ-0266,85.71341463414635,74.1,97.8,82,隔离开关,天津滨海220kV变电站
EQ-0267,86.37073170731706,72.2,100.0,82,隔离开关,天津滨海220kV变电站
EQ-0268,86.83291139240507,70.1,100.0,79,隔离开关,天津滨海220kV变电站
EQ-0269,85.78717948717949,57.5,100.0,39,隔离开关,天津滨海220kV变电站
EQ-0270,85.40769230769232,68.5,100.0,39,电容器组,天津滨海220kV变电站
EQ-0271,85.25897435897436,62.6,98.1,39,电容器组,天津滨海220kV变电站
EQ-0272,87.34054054054054,70.5,100.0,37,电容器组,天津滨海220kV变电站
EQ-0273,86.08101265822785,70.5,99.1,79,避雷器,天津滨海220kV变电站
EQ-0274,85.49615384615385,70.0,98.9,78,避雷器,天津滨海220kV变电站
EQ-0275,87.07692307692308,71.9,99.1,39,避雷器,天津滨海220kV变电站
EQ-0276,85.00253164556962,68.0,100.0,79,避雷器,天津滨海220kV变电站
EQ-0277,86.49230769230769,70.7,96.4,39,避雷器,天津滨海220kV变电站
EQ-0278,88.06666666666666,73.2,100.0,78,避雷器,天津滨海220kV变电站
EQ-0279,87.79480519480519,70.7,100.0,77,GIS组合电器,天津滨海220kV变电站
EQ-0280,84.6890243902439,58.1,99.6,82,GIS组合电器,天津滨海220kV变电站
EQ-0281,84.63414634146342,69.6,100.0,82,GIS组合电器,天津滨海220kV变电站
EQ-0282,86.97073170731707,68.6,100.0,41,电力变压器,石家庄高新35kV变电站
EQ-0283,83.56315789473685,65.6,100.0,38,电力变压器,石家庄高新35kV变电站
EQ-0284,88.34,77.4,100.0,40,断路器,石家庄高新35kV变电站
EQ-0285,88.03,74.6,98.7,40,断路器,石家庄高新35kV变电站
EQ-0286,85.36666666666667,75.4,100.0,39,断路器,石家庄高新35kV变电站
EQ-0287,85.62307692307692,68.6,100.0,39,隔离开关,石家庄高新35kV变电站
EQ-0288,83.51538461538462,66.3,96.4,39,隔离开关,石家庄高新35kV变电站
EQ-0289,84.58157894736841,64.1,94.4,38,隔离开关,石家庄高新35kV变电站
EQ-0290,86.11052631578947,75.0,100.0,38,电容器组,石家庄高新35kV变电站
EQ-0291,86.58,68.9,100.0,40,电容器组,石家庄高新35kV变电站
EQ-0292,85.20769230769231,67.1,99.5,39,避雷器,石家庄高新35kV变电站
EQ-0293,84.995,67.3,96.3,40,避雷器,石家庄高新35kV变电站
EQ-0294,84.43333333333334,68.1,96.1,36,避雷器,石家庄高新35kV变电站
EQ-0295,85.205,66.4,99.9,40,电力变压器,武昌110kV变电站
EQ-0296,86.69999999999999,72.2,95.5,41,电力变压器,武昌110kV变电站
EQ-0297,86.66499999999999,78.5,98.6,40,电力变压器,武昌110kV变电站
EQ-0298,87.2,73.0,98.5,37,断路器,武昌110kV变电站
EQ-0299,87.18461538461538,70.6,98.6,39,断路器,武昌110kV变电站
EQ-0300,85.3763157894737,68.9,98.2,38,断路器,武昌110kV变电站
EQ-0301,85.12972972972973,71.1,96.3,37,断路器,武昌110kV变电站
EQ-0302,86.015,70.3,100.0,80,断路器,武昌110kV变电站
EQ-0303,87.11025641025641,70.3,96.7,39,隔离开关,武昌110kV变电站
EQ-0304,88.11842105263158,78.1,100.0,38,隔离开关,武昌110kV变电站
EQ-0305,86.42,73.6,97.5,40,隔离开关,武昌110kV变电站
EQ-0306,87.63846153846154,71.4,100.0,39,隔离开关,武昌110kV变电站
EQ-0307,85.6825,72.6,100.0,40,电容器组,武昌110kV变电站
EQ-0308,88.6,79.0,100.0,40,电容器组,武昌110kV变电站
EQ-0309,86.45526315789475,76.0,100.0,38,避雷器,武昌110kV变电站
EQ-0310,87.38947368421053,73.2,100.0,38,避雷器,武昌110kV变电站
EQ-0311,88.7421052631579,74.3,98.8,38,避雷器,武昌110kV变电站
EQ-0312,87.66499999999999,77.5,100.0,40,避雷器,武昌110kV变电站
EQ-0313,86.01621621621621,77.1,100.0,37,GIS组合电器,武昌110kV变电站
EQ-0314,84.42564102564103,70.9,98.7,39,电力变压器,江夏35kV变电站
EQ-0315,86.62105263157895,72.9,100.0,38,电力变压器,江夏35kV变电站
EQ-0316,86.33333333333333,68.0,100.0,81,断路器,江夏35kV变电站
EQ-0317,84.12,71.6,100.0,80,断路器,江夏35kV变电站
EQ-0318,86.53999999999999,72.2,95.6,40,断路器,江夏35kV变电站
EQ-0319,85.0575,70.5,94.1,40,隔离开关,江夏35kV变电站
EQ-0320,84.35897435897436,63.9,96.7,39,隔离开关,江夏35kV变电站
EQ-0321,86.115,78.4,100.0,40,隔离开关,江夏35kV变电站
EQ-0322,86.26756756756757,71.4,100.0,37,电容器组,江夏35kV变电站
EQ-0323,86.44324324324324,72.6,100.0,37,电容器组,江夏35kV变电站
EQ-0324,84.25750000000001,71.1,100.0,40,避雷器,江夏35kV变电站
EQ-0325,86.75757575757575,70.0,100.0,33,避雷器,江夏35kV变电站
EQ-0326,85.55128205128206,71.0,100.0,39,避雷器,江夏35kV变电站
EQ-0327,88.33,77.8,98.4,40,电力变压器,长沙星沙110kV变电站
EQ-0328,86.38250000000001,76.7,96.4,40,电力变压器,长沙星沙110kV变电站
EQ-0329,86.05,76.8,100.0,38,电力变压器,长沙星沙110kV变电站
EQ-0330,85.75526315789473,75.4,98.2,38,断路器,长沙星沙110kV变电站
EQ-0331,87.36923076923077,61.3,100.0,78,断路器,长沙星沙110kV变电站
EQ-0332,88.7325,74.6,100.0,40,断路器,长沙星沙110kV变电站
EQ-0333,88.23421052631579,76.4,99.9,38,断路器,长沙星沙110kV变电站
EQ-0334,85.10526315789474,60.3,99.2,38,断路器,长沙星沙110kV变电站
EQ-0335,87.61,68.1,100.0,40,隔离开关,长沙星沙110kV变电站
EQ-0336,86.31282051282051,73.6,100.0,39,隔离开关,长沙星沙110kV变电站
EQ-0337,87.41875,69.9,100.0,80,隔离开关,长沙星沙110kV变电站
EQ-0338,87.3923076923077,74.8,98.2,39,隔离开关,长沙星沙110kV变电站
EQ-0339,85.33846153846153,71.9,99.0,39,电容器组,长沙星沙110kV变电站
EQ-0340,87.4,68.4,100.0,37,电容器组,长沙星沙110kV变电站
EQ-0341,86.95853658536586,72.8,100.0,41,避雷器,长沙星沙110kV变电站
EQ-0342,87.60263157894737,74.1,100.0,38,避雷器,长沙星沙110kV变电站
EQ-0343,87.41282051282052,75.7,96.0,39,避雷器,长沙星沙110kV变电站
EQ-0344,87.30512820512821,77.8,100.0,39,避雷器,长沙星沙110kV变电站
EQ-0345,86.77297297297297,74.6,100.0,37,GIS组合电器,长沙星沙110kV变电站
EQ-0346,87.83947368421053,74.8,99.4,38,电力变压器,武侯110kV变电站
EQ-0347,86.43076923076923,70.9,100.0,39,电力变压器,武侯110kV变电站
EQ-0348,87.9025,75.3,100.0,40,电力变压器,武侯110kV变电站
EQ-0349,86.96315789473684,72.7,99.2,38,断路器,武侯110kV变电站
EQ-0350,87.33421052631579,78.0,99.6,38,断路器,武侯110kV变电站
EQ-0351,87.49473684210527,73.3,99.1,38,断路器,武侯110kV变电站
EQ-0352,86.27837837837838,72.1,96.4,37,断路器,武侯110kV变电站
EQ-0353,88.04594594594595,74.1,100.0,37,断路器,武侯110kV变电站
EQ-0354,86.43589743589743,68.7,100.0,39,隔离开关,武侯110kV变电站
EQ-0355,86.7945945945946,71.4,100.0,37,隔离开关,武侯110kV变电站
EQ-0356,87.57027027027027,77.0,98.7,37,隔离开关,武侯110kV变电站
EQ-0357,86.785,69.5,98.3,40,隔离开关,武侯110kV变电站
EQ-0358,87.16749999999999,72.9,100.0,40,电容器组,武侯110kV变电站
EQ-0359,87.405,78.0,98.5,40,电容器组,武侯110kV变电站
EQ-0360,86.7125,75.6,97.3,40,避雷器,武侯110kV变电站
EQ-0361,84.66341463414633,69.2,96.4,41,避雷器,武侯110kV变电站
EQ-0362,84.875,68.0,95.5,40,避雷器,武侯110kV变电站
EQ-0363,84.31052631578947,70.9,95.6,38,避雷器,武侯110kV变电站
EQ-0364,87.09210526315789,70.0,100.0,38,GIS组合电器,武侯110kV变电站
EQ-0365,86.12820512820512,70.0,100.0,78,电力变压器,重庆两江220kV变电站
EQ-0366,86.92125,68.4,100.0,80,电力变压器,重庆两江220kV变电站
EQ-0367,86.57000000000001,73.1,100.0,80,电力变压器,重庆两江220kV变电站
EQ-0368,86.08421052631579,70.2,100.0,38,电力变压器,重庆两江220kV变电站
EQ-0369,86.1425,73.4,100.0,80,断路器,重庆两江220kV变电站
EQ-0370,85.24864864864864,73.0,94.5,37,断路器,重庆两江220kV变电站
EQ-0371,86.55696202531645,69.7,97.1,79,断路器,重庆两江220kV变电站
EQ-0372,85.83157894736841,66.7,99.8,38,断路器,重庆两江220kV变电站
EQ-0373,87.62784810126583,73.7,100.0,79,断路器,重庆两江220kV变电站
EQ-0374,86.91111111111111,71.1,100.0,81,断路器,重庆两江220kV变电站
EQ-0375,86.0078947368421,71.4,100.0,38,断路器,重庆两江220kV变电站
EQ-0376,87.82368421052632,74.9,100.0,38,断路器,重庆两江220kV变电站
EQ-0377,85.99625,69.9,100.0,80,隔离开关,重庆两江220kV变电站
EQ-0378,87.0525641025641,71.6,100.0,78,隔离开关,重庆两江220kV变电站
EQ-0379,85.22317073170731,71.5,99.5,82,隔离开关,重庆两江220kV变电站
EQ-0380,88.46410256410256,65.6,100.0,78,隔离开关,重庆两江220kV变电站
EQ-0381,87.62345679012346,74.9,100.0,81,隔离开关,重庆两江220kV变电站
EQ-0382,86.72307692307692,71.0,98.6,78,隔离开关,重庆两江220kV变电站
EQ-0383,86.55263157894737,73.3,100.0,38,电容器组,重庆两江220kV变电站
EQ-0384,87.6842105263158,78.9,100.0,38,电容器组,重庆两江220kV变电站
EQ-0385,86.6051282051282,72.0,97.3,39,电容器组,重庆两江220kV变电站
EQ-0386,84.97567567567567,73.2,96.5,37,避雷器,重庆两江220kV变电站
EQ-0387,86.54683544303798,68.6,100.0,79,避雷器,重庆两江220kV变电站
EQ-0388,86.9525,70.0,100.0,80,避雷器,重庆两江220kV变电站
EQ-0389,87.8379746835443,74.8,100.0,79,避雷器,重庆两江220kV变电站
EQ-0390,87.00126582278482,74.1,100.0,79,避雷器,重庆两江220kV变电站
EQ-0391,86.44197530864197,70.6,100.0,81,避雷器,重庆两江220kV变电站
EQ-0392,85.74512195121952,69.1,100.0,82,GIS组合电器,重庆两江220kV变电站
EQ-0393,86.05679012345679,59.4,100.0,81,GIS组合电器,重庆两江220kV变电站
EQ-0394,85.33536585365853,72.7,100.0,82,GIS组合电器,重庆两江220kV变电站
EQ-0395,87.5525641025641,74.4,100.0,78,电力变压器,成都高新35kV变电站
EQ-0396,85.58461538461539,72.0,93.4,39,电力变压器,成都高新35kV变电站
EQ-0397,88.97749999999999,78.1,97.4,40,断路器,成都高新35kV变电站
EQ-0398,86.02564102564102,71.4,95.5,39,断路器,成都高新35kV变电站
EQ-0399,85.42439024390244,68.7,99.3,41,断路器,成都高新35kV变电站
EQ-0400,86.6275,74.6,100.0,40,隔离开关,成都高新35kV变电站
EQ-0401,86.96410256410256,69.8,99.2,39,隔离开关,成都高新35kV变电站
EQ-0402,87.54556962025318,70.5,100.0,79,隔离开关,成都高新35kV变电站
EQ-0403,86.98205128205129,73.1,94.7,39,电容器组,成都高新35kV变电站
EQ-0404,87.88717948717948,73.1,100.0,39,电容器组,成都高新35kV变电站
EQ-0405,88.71315789473684,74.2,100.0,38,避雷器,成都高新35kV变电站
EQ-0406,87.77073170731707,72.8,100.0,41,避雷器,成都高新35kV变电站
EQ-0407,89.38055555555555,75.3,100.0,36,避雷器,成都高新35kV变电站
EQ-0408,87.47,64.0,100.0,40,电力变压器,沈阳浑南110kV变电站
EQ-0409,88.41,68.1,100.0,40,电力变压器,沈阳浑南110kV变电站
EQ-0410,87.69024390243902,72.1,99.0,41,电力变压器,沈阳浑南110kV变电站
EQ-0411,85.86410256410257,62.5,97.9,39,断路器,沈阳浑南110kV变电站
EQ-0412,87.785,76.0,100.0,40,断路器,沈阳浑南110kV变电站
EQ-0413,84.5,68.6,100.0,41,断路器,沈阳浑南110kV变电站
EQ-0414,84.71052631578948,67.1,100.0,38,断路器,沈阳浑南110kV变电站
EQ-0415,87.4625,73.9,100.0,40,断路器,沈阳浑南110kV变电站
EQ-0416,85.55316455696202,65.5,100.0,79,隔离开关,沈阳浑南110kV变电站
EQ-0417,86.40975609756099,64.7,97.6,41,隔离开关,沈阳浑南110kV变电站
EQ-0418,89.15,73.8,100.0,36,隔离开关,沈阳浑南110kV变电站
EQ-0419,84.56052631578947,75.0,100.0,38,隔离开关,沈阳浑南110kV变电站
EQ-0420,86.86923076923077,74.0,100.0,39,电容器组,沈阳浑南110kV变电站
EQ-0421,83.4054054054054,62.7,100.0,37,电容器组,沈阳浑南110kV变电站
EQ-0422,87.90263157894738,77.8,100.0,38,避雷器,沈阳浑南110kV变电站
EQ-0423,87.3578947368421,75.5,100.0,38,避雷器,沈阳浑南110kV变电站
EQ-0424,86.73974358974358,74.5,100.0,78,避雷器,沈阳浑南110kV变电站
EQ-0425,85.37435897435897,73.9,95.3,39,避雷器,沈阳浑南110kV变电站
EQ-0426,85.3275,73.8,100.0,40,GIS组合电器,沈阳浑南110kV变电站
EQ-0427,83.95802469135803,64.9,98.3,81,电力变压器,大连开发区35kV变电站
EQ-0428,85.95,69.9,100.0,38,电力变压器,大连开发区35kV变电站
EQ-0429,85.7560975609756,72.1,99.4,41,断路器,大连开发区35kV变电站
EQ-0430,83.85945945945946,72.0,100.0,37,断路器,大连开发区35kV变电站
EQ-0431,83.3641975308642,67.8,100.0,81,断路器,大连开发区35kV变电站
EQ-0432,83.16375000000001,64.8,96.4,80,隔离开关,大连开发区35kV变电站
EQ-0433,81.65875,67.5,99.7,80,隔离开关,大连开发区35kV变电站
EQ-0434,83.6632911392405,64.7,99.1,79,隔离开关,大连开发区35kV变电站
EQ-0435,84.85249999999999,73.3,95.6,40,电容器组,大连开发区35kV变电站
EQ-0436,85.1025641025641,71.4,97.1,39,电容器组,大连开发区35kV变电站
EQ-0437,83.35061728395061,69.2,97.7,81,避雷器,大连开发区35kV变电站
EQ-0438,82.1425,66.0,96.5,40,避雷器,大连开发区35kV变电站
EQ-0439,84.65945945945946,74.5,100.0,37,避雷器,大连开发区35kV变电站
